epoch,graph_loss,lr-Adam,step,test_loss,test_mae,test_mape,test_mse,train_baseline_loss,train_loss,train_mae,train_mape,train_mse,val_loss,val_mae,val_mape,val_mse
,,0.05,0,,,,,,,,,,,,,
0,,,167,,,,,,,,,,0.5058559775352478,0.5058560371398926,2.2330543994903564,0.5811805129051208
0,-0.14204823970794678,,167,,,,,0.6614031791687012,0.6620399951934814,0.6620399355888367,2.716771125793457,0.9546053409576416,,,,
,,0.05,168,,,,,,,,,,,,,
1,,,335,,,,,,,,,,0.46204179525375366,0.46204179525375366,2.2253050804138184,0.472744882106781
1,-0.13235676288604736,,335,,,,,0.5066990852355957,0.5077859163284302,0.5077860355377197,2.5435702800750732,0.5811939239501953,,,,
,,0.05,336,,,,,,,,,,,,,
2,,,503,,,,,,,,,,0.35544368624687195,0.3554436266422272,1.901736855506897,0.2283632904291153
2,-0.13287468254566193,,503,,,,,0.4460288882255554,0.44533610343933105,0.4453362226486206,2.419771194458008,0.4307970404624939,,,,
,,0.05,504,,,,,,,,,,,,,
3,,,671,,,,,,,,,,0.3212602734565735,0.3212602734565735,1.7667733430862427,0.16240166127681732
3,-0.157117560505867,,671,,,,,0.38310331106185913,0.383327841758728,0.383327841758728,1.857602596282959,0.2901301681995392,,,,
,,0.05,672,,,,,,,,,,,,,
4,,,839,,,,,,,,,,0.3212602734565735,0.3212602734565735,1.7667733430862427,0.16240166127681732
4,-0.1304721236228943,,839,,,,,0.3512459695339203,0.35158371925354004,0.3515837788581848,1.7446242570877075,0.2233559936285019,,,,
,,0.05,840,,,,,,,,,,,,,
5,,,1007,,,,,,,,,,0.3212602734565735,0.3212602734565735,1.7667733430862427,0.16240166127681732
5,-0.09703269600868225,,1007,,,,,0.34137091040611267,0.3412172794342041,0.3412172496318817,1.7164796590805054,0.2015819400548935,,,,
,,0.05,1008,,,,,,,,,,,,,
6,,,1175,,,,,,,,,,0.3212602734565735,0.3212602734565735,1.7667733430862427,0.16240166127681732
6,-0.0769071951508522,,1175,,,,,0.33666715025901794,0.33621373772621155,0.33621376752853394,2.0106992721557617,0.19129900634288788,,,,
,,0.05,1176,,,,,,,,,,,,,
7,,,1343,,,,,,,,,,0.3212602734565735,0.3212602734565735,1.7667733430862427,0.16240166127681732
7,-0.06653419882059097,,1343,,,,,0.33378931879997253,0.3336470127105713,0.33364707231521606,1.6772550344467163,0.18603618443012238,,,,
,,0.05,1344,,,,,,,,,,,,,
8,,,1511,,,,,,,,,,0.3212602734565735,0.3212602734565735,1.7667733430862427,0.16240166127681732
8,-0.05802242457866669,,1511,,,,,0.33221885561943054,0.3320448398590088,0.332044780254364,1.6539663076400757,0.18297459185123444,,,,
,,0.05,1512,,,,,,,,,,,,,
9,,,1679,,,,,,,,,,0.3212602734565735,0.3212602734565735,1.7667733430862427,0.16240166127681732
9,-0.051887404173612595,,1679,,,,,0.3308646082878113,0.3307965099811554,0.33079639077186584,1.669106125831604,0.1801125705242157,,,,
,,0.05,1680,,,,,,,,,,,,,
10,,,1847,,,,,,,,,,0.3212602734565735,0.3212602734565735,1.7667733430862427,0.16240166127681732
10,-0.04853740334510803,,1847,,,,,0.3299952745437622,0.3301897943019867,0.33018994331359863,1.749052882194519,0.17902407050132751,,,,
,,0.05,1848,,,,,,,,,,,,,
11,,,2015,,,,,,,,,,0.3212602734565735,0.3212602734565735,1.7667733430862427,0.16240166127681732
11,-0.043432071805000305,,2015,,,,,0.32940030097961426,0.3291918933391571,0.3291919231414795,1.6599467992782593,0.1770801544189453,,,,
,,0.05,2016,,,,,,,,,,,,,
12,,,2183,,,,,,,,,,0.3212602734565735,0.3212602734565735,1.7667733430862427,0.16240166127681732
12,-0.03988933935761452,,2183,,,,,0.32872816920280457,0.32865625619888306,0.3286561965942383,1.661527156829834,0.17576630413532257,,,,
,,0.05,2184,,,,,,,,,,,,,
13,,,2351,,,,,,,,,,0.3212602734565735,0.3212602734565735,1.7667733430862427,0.16240166127681732
13,-0.038604434579610825,,2351,,,,,0.3281717896461487,0.32830047607421875,0.32830044627189636,1.6622933149337769,0.17520830035209656,,,,
,,0.05,2352,,,,,,,,,,,,,
14,,,2519,,,,,,,,,,0.3212602734565735,0.3212602734565735,1.7667733430862427,0.16240166127681732
14,-0.036639999598264694,,2519,,,,,0.3280789256095886,0.3280670940876007,0.3280670642852783,2.0504651069641113,0.17467275261878967,,,,
,,0.05,2520,,,,,,,,,,,,,
15,,,2687,,,,,,,,,,0.3212602734565735,0.3212602734565735,1.7667733430862427,0.16240166127681732
15,-0.03550814837217331,,2687,,,,,0.3275473117828369,0.32776957750320435,0.3277694582939148,1.6563429832458496,0.1741211712360382,,,,
,,0.05,2688,,,,,,,,,,,,,
16,,,2855,,,,,,,,,,0.3212602734565735,0.3212602734565735,1.7667733430862427,0.16240166127681732
16,-0.03389664739370346,,2855,,,,,0.3273555338382721,0.32749414443969727,0.3274939954280853,1.669527530670166,0.1737108677625656,,,,
,,0.05,2856,,,,,,,,,,,,,
17,,,3023,,,,,,,,,,0.3212602734565735,0.3212602734565735,1.7667733430862427,0.16240166127681732
17,-0.030032867565751076,,3023,,,,,0.32691991329193115,0.3269662857055664,0.32696622610092163,1.6567621231079102,0.17244639992713928,,,,
,,0.05,3024,,,,,,,,,,,,,
18,,,3191,,,,,,,,,,0.3212602734565735,0.3212602734565735,1.7667733430862427,0.16240166127681732
18,-0.028901616111397743,,3191,,,,,0.3267907500267029,0.326713502407074,0.32671359181404114,1.662874698638916,0.17203012108802795,,,,
,,0.05,3192,,,,,,,,,,,,,
19,,,3359,,,,,,,,,,0.3212602734565735,0.3212602734565735,1.7667733430862427,0.16240166127681732
19,-0.030797520652413368,,3359,,,,,0.3265041410923004,0.3268928527832031,0.32689282298088074,1.6568138599395752,0.17226527631282806,,,,
,,0.05,3360,,,,,,,,,,,,,
20,,,3527,,,,,,,,,,0.3212602734565735,0.3212602734565735,1.7667733430862427,0.16240166127681732
20,-0.02758266218006611,,3527,,,,,0.32647088170051575,0.326490193605423,0.32649022340774536,1.6271288394927979,0.17150849103927612,,,,
,,0.05,3528,,,,,,,,,,,,,
21,,,3695,,,,,,,,,,0.3212602734565735,0.3212602734565735,1.7667733430862427,0.16240166127681732
21,-0.02629251964390278,,3695,,,,,0.32644641399383545,0.32638001441955566,0.3263799250125885,1.6648885011672974,0.17117662727832794,,,,
,,0.05,3696,,,,,,,,,,,,,
22,,,3863,,,,,,,,,,0.3212602734565735,0.3212602734565735,1.7667733430862427,0.16240166127681732
22,-0.02529056929051876,,3863,,,,,0.3261946141719818,0.3262763023376465,0.3262763023376465,1.6545716524124146,0.17094293236732483,,,,
,,0.05,3864,,,,,,,,,,,,,
23,,,4031,,,,,,,,,,0.3212602734565735,0.3212602734565735,1.7667733430862427,0.16240166127681732
23,-0.0238090418279171,,4031,,,,,0.3262079656124115,0.32608190178871155,0.32608193159103394,1.6535542011260986,0.17060184478759766,,,,
,,0.05,4032,,,,,,,,,,,,,
24,,,4199,,,,,,,,,,0.3212602734565735,0.3212602734565735,1.7667733430862427,0.16240166127681732
24,-0.02381955459713936,,4199,,,,,0.3259578049182892,0.32598090171813965,0.3259810209274292,1.6573638916015625,0.1703222543001175,,,,
,,0.05,4200,,,,,,,,,,,,,
25,,,4367,,,,,,,,,,0.3212602734565735,0.3212602734565735,1.7667733430862427,0.16240166127681732
25,-0.024076994508504868,,4367,,,,,0.3259458839893341,0.32598254084587097,0.3259826600551605,1.651798129081726,0.1703234612941742,,,,
,,0.05,4368,,,,,,,,,,,,,
26,,,4535,,,,,,,,,,0.3212602734565735,0.3212602734565735,1.7667733430862427,0.16240166127681732
26,-0.022601276636123657,,4535,,,,,0.3259241580963135,0.32585081458091736,0.32585087418556213,1.656522274017334,0.17010439932346344,,,,
,,0.05,4536,,,,,,,,,,,,,
27,,,4703,,,,,,,,,,0.3212602734565735,0.3212602734565735,1.7667733430862427,0.16240166127681732
27,-0.02369634248316288,,4703,,,,,0.3256208002567291,0.3258877992630005,0.3258877098560333,1.6539030075073242,0.17011094093322754,,,,
,,0.05,4704,,,,,,,,,,,,,
28,,,4871,,,,,,,,,,0.3212602734565735,0.3212602734565735,1.7667733430862427,0.16240166127681732
28,-0.022054586559534073,,4871,,,,,0.3256971538066864,0.3256336748600006,0.32563361525535583,1.6627986431121826,0.16973675787448883,,,,
,,0.05,4872,,,,,,,,,,,,,
29,,,5039,,,,,,,,,,0.3212602734565735,0.3212602734565735,1.7667733430862427,0.16240166127681732
29,-0.021467233076691628,,5039,,,,,0.32544076442718506,0.325634628534317,0.32563453912734985,1.6527490615844727,0.16966034471988678,,,,
,,0.05,5040,,,,,,,,,,,,,
30,,,5207,,,,,,,,,,0.3212602734565735,0.3212602734565735,1.7667733430862427,0.16240166127681732
30,-0.020834829658269882,,5207,,,,,0.32553955912590027,0.3255440890789032,0.3255441188812256,1.7342114448547363,0.1694413125514984,,,,
,,0.05,5208,,,,,,,,,,,,,
31,,,5375,,,,,,,,,,0.3212602734565735,0.3212602734565735,1.7667733430862427,0.16240166127681732
31,-0.01969991624355316,,5375,,,,,0.3253481388092041,0.32542750239372253,0.32542750239372253,1.66812002658844,0.16923785209655762,,,,
,,0.05,5376,,,,,,,,,,,,,
32,,,5543,,,,,,,,,,0.3212602734565735,0.3212602734565735,1.7667733430862427,0.16240166127681732
32,-0.01989450491964817,,5543,,,,,0.32522353529930115,0.32537364959716797,0.3253737688064575,1.6537694931030273,0.16913902759552002,,,,
,,0.05,5544,,,,,,,,,,,,,
33,,,5711,,,,,,,,,,0.3212602734565735,0.3212602734565735,1.7667733430862427,0.16240166127681732
33,-0.019104842096567154,,5711,,,,,0.3252357840538025,0.3253040909767151,0.32530418038368225,1.6519291400909424,0.1689734011888504,,,,
,,0.05,5712,,,,,,,,,,,,,
34,,,5879,,,,,,,,,,0.3212602734565735,0.3212602734565735,1.7667733430862427,0.16240166127681732
34,-0.01793830655515194,,5879,,,,,0.3253152072429657,0.3251393735408783,0.32513928413391113,1.6536211967468262,0.16859588027000427,,,,
,,0.05,5880,,,,,,,,,,,,,
35,,,6047,,,,,,,,,,0.3212602734565735,0.3212602734565735,1.7667733430862427,0.16240166127681732
35,-0.019441712647676468,,6047,,,,,0.32543081045150757,0.3253989815711975,0.3253990709781647,1.6454204320907593,0.16921980679035187,,,,
,,0.05,6048,,,,,,,,,,,,,
36,,,6215,,,,,,,,,,0.3212602734565735,0.3212602734565735,1.7667733430862427,0.16240166127681732
36,-0.018130362033843994,,6215,,,,,0.3253895938396454,0.32530534267425537,0.325305312871933,1.6530065536499023,0.1689707636833191,,,,
,,0.05,6216,,,,,,,,,,,,,
37,,,6383,,,,,,,,,,0.3212602734565735,0.3212602734565735,1.7667733430862427,0.16240166127681732
37,-0.017922813072800636,,6383,,,,,0.32505354285240173,0.32516705989837646,0.32516711950302124,1.6679108142852783,0.1685967594385147,,,,
,,0.05,6384,,,,,,,,,,,,,
38,,,6551,,,,,,,,,,0.3212602734565735,0.3212602734565735,1.7667733430862427,0.16240166127681732
38,-0.016774499788880348,,6551,,,,,0.32524770498275757,0.3250906467437744,0.32509085536003113,1.6659148931503296,0.16851754486560822,,,,
,,0.05,6552,,,,,,,,,,,,,
39,,,6719,,,,,,,,,,0.3212602734565735,0.3212602734565735,1.7667733430862427,0.16240166127681732
39,-0.017087159678339958,,6719,,,,,0.3250371515750885,0.3250157833099365,0.3250158429145813,1.6515328884124756,0.16833002865314484,,,,
,,0.05,6720,,,,,,,,,,,,,
40,,,6887,,,,,,,,,,0.3212602734565735,0.3212602734565735,1.7667733430862427,0.16240166127681732
40,-0.018444931134581566,,6887,,,,,0.32495397329330444,0.325206995010376,0.3252068758010864,1.649404525756836,0.16870397329330444,,,,
,,0.05,6888,,,,,,,,,,,,,
41,,,7055,,,,,,,,,,0.3212602734565735,0.3212602734565735,1.7667733430862427,0.16240166127681732
41,-0.01572013832628727,,7055,,,,,0.3250589072704315,0.32481637597084045,0.32481637597084045,1.6513561010360718,0.16797375679016113,,,,
,,0.05,7056,,,,,,,,,,,,,
42,,,7223,,,,,,,,,,0.3212602734565735,0.3212602734565735,1.7667733430862427,0.16240166127681732
42,-0.01631408929824829,,7223,,,,,0.32521215081214905,0.3249989151954651,0.32499900460243225,1.6513473987579346,0.1683589220046997,,,,
,,0.05,7224,,,,,,,,,,,,,
43,,,7391,,,,,,,,,,0.3212602734565735,0.3212602734565735,1.7667733430862427,0.16240166127681732
43,-0.018137138336896896,,7391,,,,,0.3250912129878998,0.3252660930156708,0.32526612281799316,1.6539961099624634,0.16869184374809265,,,,
,,0.05,7392,,,,,,,,,,,,,
44,,,7559,,,,,,,,,,0.3212602734565735,0.3212602734565735,1.7667733430862427,0.16240166127681732
44,-0.015977567061781883,,7559,,,,,0.3249444365501404,0.32491934299468994,0.3249194025993347,1.6481784582138062,0.1681940257549286,,,,
,,0.05,7560,,,,,,,,,,,,,
45,,,7727,,,,,,,,,,0.3212602734565735,0.3212602734565735,1.7667733430862427,0.16240166127681732
45,-0.015787234529852867,,7727,,,,,0.32520654797554016,0.3249400556087494,0.3249399960041046,1.6506013870239258,0.16820505261421204,,,,
,,0.05,7728,,,,,,,,,,,,,
46,,,7895,,,,,,,,,,0.3212602734565735,0.3212602734565735,1.7667733430862427,0.16240166127681732
46,-0.017172962427139282,,7895,,,,,0.3250088393688202,0.32512155175209045,0.32512155175209045,1.6731548309326172,0.168557807803154,,,,
,,0.05,7896,,,,,,,,,,,,,
47,,,8063,,,,,,,,,,0.3212602734565735,0.3212602734565735,1.7667733430862427,0.16240166127681732
47,-0.015408361330628395,,8063,,,,,0.3247079849243164,0.3247557282447815,0.3247557580471039,1.655147910118103,0.16786035895347595,,,,
,,0.05,8064,,,,,,,,,,,,,
48,,,8231,,,,,,,,,,0.3212602734565735,0.3212602734565735,1.7667733430862427,0.16240166127681732
48,-0.01652095466852188,,8231,,,,,0.3249090909957886,0.324961394071579,0.3249613642692566,1.653207540512085,0.16823019087314606,,,,
,,0.05,8232,,,,,,,,,,,,,
49,,,8399,,,,,,,,,,0.3212602734565735,0.3212602734565735,1.7667733430862427,0.16240166127681732
49,-0.016482457518577576,,8399,,,,,0.32512861490249634,0.3250541090965271,0.3250541687011719,1.6484743356704712,0.16841161251068115,,,,
50,,,8400,0.3223724365234375,0.3223724365234375,2.684734582901001,0.16349737346172333,,,,,,,,,
